{"Adipur Junction": ["Bhuj", "Gandhidham Junction"], "Ahmedabad Junction": ["Nadiad Junction", "Sabarmati Junction", "Viramgam Junction"], "Anand Junction": ["Nadiad Junction", "Petlad Junction", "Godhra Junction", "Vasad Junction"], "Ankleshwar Junction": ["Bharuch Junction", "Surat"], "Bharuch Junction": ["Ankleshwar Junction", "Vadodara Junction"], "Bhavnagar Terminus": ["Dhola Junction"], "Bhildi Junction": ["Palanpur Junction", "Mahesana Junction", "Samakhiali Junction"], "Bhuj": ["Gandhidham Junction"], "Botad Junction": ["Surendranagar Junction", "Dhola Junction"], "Dhasa Junction": ["Dhola Junction", "Mahuva Junction"], "Dhola Junction": ["Botad Junction", "Dhasa Junction", "Bhavnagar Terminus"], "Dhrangadhra Junction": ["Surendranagar Junction", "Viramgam Junction", "Maliya Miyana Junction"], "Gandhidham Junction": ["Bhuj", "Samakhiali Junction"], "Godhra Junction": ["Anand Junction", "Vadodara Junction"], "Jetalsar Junction": ["Kanalus Junction", "Porbandar", "Junagadh Junction", "Rajkot Junction"], "Junagadh Junction": ["Jetalsar Junction", "Veraval Junction"], "Kalol Junction": ["Sabarmati Junction", "Mahesana Junction"], "Kanalus Junction": ["Okha", "Rajkot Junction", "Porbandar", "Jetalsar Junction"], "Mahesana Junction": ["Bhildi Junction", "Palanpur Junction", "Kalol Junction"], "Mahuva Junction": ["Dhasa Junction"], "Maliya Miyana Junction": ["Samakhiali Junction", "Dhrangadhra Junction", "Wankaner Junction"], "Nadiad Junction": ["Ahmedabad Junction", "Anand Junction", "Petlad Junction"], "Okha": ["Kanalus Junction"], "Palanpur Junction": ["Bhildi Junction", "Abu road", "Mahesana Junction"], "Petlad Junction": ["Vasad Junction", "Nadiad Junction", "Anand Junction", "Tarapur Junction"], "Porbandar": ["Kanalus Junction", "Jetalsar Junction"], "Rajkot Junction": ["Wankaner Junction", "Kanalus Junction", "Jetalsar Junction"], "Sabarmati Junction": ["Ahmedabad Junction", "Kalol Junction", "Viramgam Junction"], "Samakhiali Junction": ["Bhildi Junction", "Gandhidham Junction", "Maliya Miyana Junction"], "Surat": ["Ankleshwar Junction", "Valsad"], "Surendranagar Junction": ["Dhrangadhra Junction", "Viramgam Junction", "Wankaner Junction", "Botad Junction"], "Tarapur Junction": ["Petlad Junction"], "Vadodara Junction": ["Godhra Junction", "Vasad Junction", "Samlaya Junction", "Bharuch Junction"], "Vasad Junction": ["Anand Junction", "Vadodara Junction", "Petlad Junction"], "Valsad": ["Surat", "Vapi"], "Vapi": ["Valsad"], "Veraval Junction": ["Junagadh Junction"], "Viramgam Junction": ["Ahmedabad Junction", "Sabarmati Junction", "Mahesana Junction", "Dhrangadhra Junction", "Surendranagar Junction"], "Wankaner Junction": ["Surendranagar Junction", "Maliya Miyana Junction", "Rajkot Junction"], "Ajmer Junction": ["Chittorgarh Junction", "Phulera Junction", "Marwar Junction"], "Alwar Junction": ["Bandikui Junction"], "Bharatpur Junction": ["Bayana Junction", "Bandikui Junction", "Kota Junction"], "Bikaner Junction": ["Merta Road Junction", "Phalodi Junction", "Churu Junction", "Ratangarh Junction"], "Chittorgarh Junction": ["Kota Junction", "Mavli Junction", "Ajmer Junction"], "Churu Junction": ["Sadulpur Junction", "Ratangarh Junction", "Sikar Junction", "Bikaner Junction"], "Jaipur Junction": ["Phulera Junction", "Bandikui Junction", "Ringas Junction", "Ajmer Junction", "Sawai Madhopur Junction"], "Jodhpur Junction": ["Luni Junction", "Phalodi Junction", "Pipar Road Junction"], "Kota Junction": ["Ramganj Mandi Junction", "Sawai Madhopur Junction", "Chittorgarh Junction"], "Sikar Junction": ["Ringas Junction", "Churu Junction", "Phulera Junction", "Makrana Junction", "Loharu Junction"], "Sri Ganganagar Junction": ["Suratgarh Junction", "Hanumangarh Junction"], "Phulera Junction": ["Jaipur Junction", "Makrana Junction", "Ajmer Junction", "Ringas Junction"], "Bandikui Junction": ["Jaipur Junction", "Alwar Junction", "Bharatpur Junction"], "Samdari Junction": ["Jodhpur Junction", "Luni Junction", "Marwar Junction"], "Bayana Junction": ["Bharatpur Junction", "Sawai Madhopur Junction", "Kota Junction"], "Makrana Junction": ["Phulera Junction", "Degana Junction", "Merta Road Junction"], "Merta Road Junction": ["Degana Junction", "Bikaner Junction", "Pipar Road Junction"], "Hanumangarh Junction": ["Sri Ganganagar Junction", "Suratgarh Junction", "Sadulpur Junction"], "Pipar Road Junction": ["Jodhpur Junction", "Merta Road Junction", "Luni Junction"], "Luni Junction": ["Samdari Junction", "Jodhpur Junction", "Marwar Junction"], "Marwar Junction": ["Luni Junction", "Ajmer Junction", "Abu road"], "Ratangarh Junction": ["Degana Junction", "Churu Junction", "Bikaner Junction"], "Sawai Madhopur Junction": ["Kota Junction", "Bayana Junction", "Jaipur Junction"], "Degana Junction": ["Merta Road Junction", "Makrana Junction", "Ratangarh Junction"], "Loharu Junction": ["Sadulpur Junction", "Sikar Junction"], "Mavli Junction": ["Udaipur City", "Chittorgarh Junction"], "Phalodi Junction": ["Jodhpur Junction", "Bikaner Junction"], "Ramganj Mandi Junction": ["Kota Junction"], "Ringas Junction": ["Jaipur Junction", "Phulera Junction", "Sikar Junction"], "Sadulpur Junction": ["Hanumangarh Junction", "Loharu Junction", "Churu Junction"], "Sri Ganganagar": ["Hanumangarh Junction", "Suratgarh Junction"], "Suratgarh Junction": ["Sri Ganganagar", "Bikaner Junction", "Hanumangarh Junction"], "Udaipur City": ["Mavli Junction"], "Abu road": ["Palanpur Junction", "Marwar Junction"]}