{"VADAKARA": "BDJ", "CHANDIL JN": "CNI", "MAYILADUTURAI J": "MV", "ANKLESHWAR JN": "AKV", "LAKHERI": "LKE", "ABHAIPUR": "AHA", "CHHANERA": "CAER", "CHHAPRA": "CPR", "MANGALORE JN": "MAJN", "ROZA JN": "ROZA", "KADUR": "DRU", "FURKATING JN": "FKG", "GONDIA JN": "G", "BETUL": "BZU", "NIPHAD": "NR", "KESAMUDRAM": "KDM", "VILLUPURAM JN": "VM", "GAROT": "GOH", "ORAI": "ORAI", "HIRAKUD": "HKG", "PAYYANUR": "PAY", "MUNGAOLI": "MNV", "JHAJHA": "JAJ", "BHADRAKH": "BHC", "NEW DELHI": "NDLS", "COLONELGANJ": "CLJ", "KURUKSHETRA JN": "KKDE", "TUNDLA JN": "TDL", "BHIWANI": "BNW", "DHOLI": "DOL", "VIRAMGAM JN": "VG", "RAJGIR": "RGD", "GOMATI NAGAR": "GTNR", "CHIKJAJUR JN": "JRU", "MADAN MAHAL": "MML", "SURATHKAL": "SL", "PATHARIA": "PHA", "BARHARWA JN": "BHW", "CHANDUR": "CND", "HAVERI": "HVR", "IDGAH AGRA JN": "IDH", "ROHTAK JN": "ROK", "BHILWARA": "BHL", "C SHIVAJI MAHARAJ T": "CSMT", "PIRAVAM ROAD": "PVRD", "PANDHURNA": "PAR", "SAKRI JN": "SKI", "BADNERA JN": "BD", "NAMBURU": "NBR", "DUMURIPUT": "DMRT", "LAL KUAN": "LKU", "NIHALGARH": "NHH", "TILAK BRIDGE": "TKJ", "BAMRA": "BMB", "GORAKHPUR": "GKP", "GUNTAKAL JN": "GTL", "SH MATA V DEVI KATRA": "SVDK", "PEDDAPALLI": "PDPL", "BAGRA TAWA": "BGTA", "BAGALKOT": "BGK", "JANGHAI JN": "JNH", "JARWAL ROAD": "JLD", "MUZAFFARNAGAR": "MOZ", "BASTI": "BST", "CHANGANASERI": "CGY", "KUMBAKONAM": "KMU", "ANUPPUR JN": "APR", "SANGLI": "SLI", "GUWAHATI": "GHY", "INDARGARH": "IDG", "PARVATIPURAM": "PVP", "FATEHPUR SIKRI": "FTS", "ROHA": "ROHA", "PANDAUL": "PDW", "GAUR": "GAUR", "WARANGAL": "WL", "ANAND JN": "ANND", "KHURAI": "KYE", "MEERUT CANT": "MUT", "JOGBANI": "JBN", "ABU ROAD": "ABR", "DAKANIYA TALAV": "DKNT", "DONDAICHA": "DDE", "PENUKONDA": "PKD", "BANDAKPUR": "BNU", "TIMARNI": "TBN", "LASALGAON": "LS", "BHATAPARA": "BYT", "BIHAR SHARIF": "BEHS", "CHAKRADHARPUR": "CKP", "DORAHA": "DOA", "TARSARAI": "TRS", "FARIDABAD": "FDB", "CASTLE ROCK": "CLR", "RAJANAGAR": "RJA", "GAYA JN": "GAYA", "HARDA": "HD", "HOWRAH JN": "HWH", "ROORKEE": "RK", "BABHNAN": "BV", "SANTRAGACHI JN": "SRC", "CHAMPA": "CPH", "SUBZI MANDI": "SZM", "MAYYANAD": "MYY", "DHARANGAON": "DXG", "PHULWARI SHARIF": "PWS", "MORAK": "MKX", "AMBALA CANT JN": "UMB", "SHOLINGHUR": "SHU", "AKALTARA": "AKT", "VIKARABAD JN": "VKB", "MADHUBANI": "MBI", "GAJRAULA JN": "GJL", "KAKARGHATTI": "KKHT", "CHANDAUSI JN": "CH", "JALESWAR": "JER", "KOZHIKKODE": "CLT", "PASRAHA": "PSR", "NASIK ROAD": "NK", "ARA": "ARA", "BAKHTIYARPUR JN": "BKP", "MANINAGAR": "MAN", "HALAKATTA": "HLKT", "NANGAL DAM": "NLDM", "CHIRGAON": "CGN", "FATEHPUR": "FTP", "BURHWAL": "BUW", "MEJA ROAD": "MJA", "MANDAL GARH": "MLGH", "KOTTAYAM": "KTYM", "AGRA FORT": "AF", "KISHANGARH": "KSG", "BANDIKUI JN": "BKI", "NALANDA": "NLD", "LUCKNOW": "LKO", "BHANDARA ROAD": "BRD", "VARKALA": "VAK", "DARYABAD": "DYD", "GANAGAPUR ROAD": "GUR", "RANAPRATAPNAGAR": "RPZ", "SORO": "SORO", "BAYANA JN": "BXN", "ALIPUR DUAR JN": "APDJ", "MIRYALAGUDA": "MRGA", "LANKA": "LKA", "SOHWAL": "SLW", "MADGAON": "MAO", "GHUGHULI": "GH", "JALPAIGURI ROAD": "JPE", "LONAVALA": "LNL", "MAULA ALI": "MLY", "DONGARGARH": "DGG", "MANGALAGIRI": "MAG", "SAHIBPUR KML JN": "SKJ", "VRIDHACHALAM JN": "VRI", "null": "PCOI", "YUSUFPUR": "YFP", "GARWA ROAD": "GHD", "NALWAR": "NW", "VINDHYACHAL": "BDL", "SINI JN": "SINI", "MANCHESWAR": "MCS", "TIKIRI": "TKRI", "KHADA": "KZA", "VIJAYAWADA JN": "BZA", "SHAJAPUR": "SFY", "MALDA TOWN": "MLDT", "KAPASAN": "KIN", "RAIGARH": "RIG", "BIJAPUR": "BJP", "BAHADURGARH": "BGZ", "SAHJANWA": "SWA", "BORIVALI": "BVI", "KAMAREDDI": "KMC", "PATAUDI ROAD": "PTRD", "MANIKPUR JN": "MKP", "BAGAHA": "BUG", "SHIKOHABAD JN": "SKB", "ERRUPALEM": "YP", "DUVVADA": "DVD", "SIKRIPAI": "SKPI", "SINGAPURAM ROAD": "SPRD", "BHUSANDPUR": "BSDP", "ALAPPUZHA": "ALLP", "SAMALKOT JN": "SLO", "JAMNAGAR": "JAM", "BINNAGURI": "BNV", "BIJOOR": "BIJR", "SHOLAVANDAN": "SDN", "BANSTHALI NIWAI": "BNLW", "DORNAKAL JN": "DKJ", "BINA JN": "BINA", "MANDUADIH": "MUV", "DODHI": "DHE", "ALUVA": "AWY", "NARAJ MARTHAPUR": "NQR", "HABIBGANJ": "HBJ", "KARUR": "KRR", "DADAR": "DR", "CHANDERIYA": "CNA", "JALANDHAR CITY": "JUC", "RAXAUL JN": "RXL", "SATARA": "STR", "AKALKOT ROAD": "AKOR", "KHURAHAT": "KRT", "WADAKANCHERI": "WKI", "DHENKANAL": "DNKL", "KULEM": "QLM", "PURNA JN": "PAU", "CHIPURUPALLE": "CPP", "KALUPARA GHAT": "KAPG", "BANDRA TERMINUS": "BDTS", "BELPAHAR": "BPH", "NEW BONGAIGAON": "NBQ", "NAUPADA JN": "NWP", "NAWANDGI": "NAW", "ALWAR JN": "AWR", "SUWASRA": "SVA", "AKBARPUR": "ABP", "KARTARPUR": "KRE", "LAKSHMIPUR ROAD": "LKMR", "BRAHMAPUR": "BAM", "PILKHUA": "PKW", "BHUBANESWAR": "BBS", "ZAFARABAD JN": "ZBD", "KOCHUVELI": "KCVL", "PAPANASAM": "PML", "MELMARUVATTUR": "MLMR", "BHAUPUR": "BPU", "LABHA": "LAV", "SAHIBGANJ JN": "SBG", "TAHSIL FATEHPUR": "TSF", "KAYANKULAM": "KYJ", "GOOTY": "GY", "RAMGUNDAM": "RDM", "JOLARPETTAI": "JTJ", "MEHSI": "MAI", "KATIHAR JN": "KIR", "SRIDHAM": "SRID", "KUNDAPURA": "KUDA", "GHATPRABHA": "GPB", "LUNI JN": "LUNI", "SHIMOGA TOWN": "SMET", "LUCKNOWJN": "LJN", "KAMAKHYA": "KYQ", "SHAHABAD": "SDB", "SHAMSHABAD TOWN": "SSDT", "ARARIYA": "ARR", "TIRUPATI": "TPTY", "KONDAPALLI": "KI", "SIWAN JN": "SV", "PARSIPUR": "PRF", "ANAPARTI": "APT", "SAHIBABAD": "SBB", "CHANDRAPUR": "CD", "JHALAWAR ROAD": "JHW", "BALHARSHAH": "BPQ", "UDAIPUR": "UDZ", "NELLORE": "NLR", "KHORASON ROAD": "KRND", "AMRITSAR JN": "ASR", "KHURJA JN": "KRJ", "UDUPI": "UD", "BHIMSEN": "BZM", "SATTENAPALLE": "SAP", "NAGPUR": "NGP", "NADIKODE": "NDKD", "NIRAKARPUR": "NKP", "ALLAHABAD JN": "ALD", "PURI": "PURI", "HATHRAS JN": "HRS", "DARBHANGA JN": "DBG", "PACHORA JN": "PC", "KATPADI JN": "KPD", "SOMPETA": "SPT", "RENIGUNTA JN": "RU", "ITARSI JN": "ET", "CHANDRAPURA": "CRP", "MARIAHU": "MAY", "CUDDAPAH": "HX", "GAURIBIDANUR": "GBD", "DHUPGURI": "DQG", "MAHESANA JN": "MSH", "SIMALUGURI JN": "SLGR", "VASCO DA GAMA": "VSG", "NEW JALPAIGURI": "NJP", "GUNTUR JN": "GNT", "DEROL": "DRL", "MURI": "MURI", "DABRA": "DBA", "AZAMGARH": "AMH", "UDHNA JN": "UDN", "ADONI": "AD", "GANGAPUR CITY": "GGC", "PATLIPUTRA": "PPTA", "KUDAL": "KUDL", "MOTIPUR": "MTR", "ARARIYA COURT": "ARQ", "BARPALI": "BRPL", "MANDI DIP": "MDDP", "SHAHGANJ JN": "SHG", "KANKAVLI": "KKW", "MEGHNAGAR": "MGN", "HISAR": "HSR", "HAIAGHAT": "HYT", "SHAKURBASTI": "SSB", "BALUGAN": "BALU", "MORADABAD": "MB", "KANNAPURAM": "KPQ", "BHAWANI MANDI": "BWM", "ANDHERI": "ADH", "ANKOLA": "ANKL", "SAHARANPUR": "SRE", "JABALPUR": "JBP", "SITAPUR CITY": "SPC", "MANSI JN": "MNE", "SULTANGANJ": "SGG", "FALNA": "FA", "JAGDALPUR": "JDB", "KATNI MURWARA": "KMZ", "KIRATPUR SAHIB": "KART", "SONPUR JN": "SEE", "KHAMMAM": "KMT", "BHALUMASKA": "BLMK", "KATHUA": "KTHU", "PAWAPURI ROAD": "POE", "DHARMAVARAM JN": "DMM", "PATTAMBI": "PTB", "JAJPUR K ROAD": "JJKR", "DEGANA JN": "DNA", "KASHI": "KEI", "SERAM": "SEM", "BOINDA": "BONA", "PARA JANI HALT": "PJY", "SAMBALPUR ROAD": "SBPD", "MAKSI": "MKC", "DALGAON": "DLO", "RAMGANJ MANDI": "RMA", "THALASSERY": "TLY", "RAYANAPAD": "RYP", "TIRUVALLA": "TRVL", "KHACHROD": "KUH", "TILDA": "TLD", "NASIRABAD": "NSD", "BAREILLY CANTT": "BRYC", "MASKANWA": "MSW", "SABARMATI JN": "SBI", "TRIVANDRUM PETT": "TVP", "KIRAOLI": "KLB", "RINGAS JN": "RGS", "SHEGAON": "SEG", "JANJGIR NAILA": "NIA", "SRIRANGAM": "SRGM", "FORBESGANJ": "FBG", "DHARWAR": "DWR", "SALEM JN": "SA", "MUZAFFARPUR JN": "MFP", "MALKHAID ROAD": "MQR", "PUDUKKOTTAI": "PDKT", "TADEPALLIGUDEM": "TDD", "KUHURI": "KUU", "SONIPAT": "SNP", "KISHANGANJ": "KNE", "BHAGALPUR": "BGP", "GURGAON": "GGN", "YAMUNANAGAR JAGADHRI": "YJUD", "KARELI": "KY", "JANGAON": "ZN", "PIPARIYA": "PPI", "GORAKHPUR CANT": "GKC", "KASARA": "KSRA", "AGRA CANTT": "AGC", "NEW COOCH BEHAR": "NCB", "GARHMUKTESAR": "GMS", "KASARAGOD": "KGQ", "DANAPUR": "DNR", "JAWAI BANDH": "JWB", "HYDERABAD DECAN": "HYB", "BANGALORE EAST": "BNCE", "SATHIAON": "SAA", "MERAMANDOLIL": "MRDL", "KORAPUT": "KRPU", "DHANBAD JN": "DHN", "VARANASI JN": "BSB", "GADAG JN": "GDG", "KANNUR": "CAN", "PARPANANGADI": "PGI", "RATNAGIRI": "RN", "ANGAMALI": "AFK", "BOLPUR S NIKTN": "BHP", "DIVINE NAGAR HALT F": "DINR", "GHATSILA": "GTS", "JAMMU TAWI": "JAT", "INDARA JN": "IAA", "ELURU": "EE", "VASAI ROAD": "BSR", "KADAKAVUR": "KVU", "PALI MARWAR": "PMY", "BALANGIR": "BLGR", "BAMUR": "BAMR", "GAHMAR": "GMR", "MAVELIKARA": "MVLK", "BOKAJAN": "BXJ", "MANTHRALAYAM RD": "MALM", "KURGUNTA": "KQT", "KOKRAJHAR": "KOJ", "BHADOHI": "BOY", "PONMLAI GLD RCK": "GOC", "BARGARH ROAD": "BRGA", "MAVLI JN": "MVJ", "DEORIA SADAR": "DEOS", "WADI": "WADI", "BADSHAHNAGAR": "BNZ", "HARDOI": "HRI", "AMBUR": "AB", "NARNAUL": "NNL", "AJMER": "AII", "CHALISGAON JN": "CSN", "PITHAPURAM": "PAP", "DIGHWARA": "DGA", "UNNAO JN": "ON", "TIRORA": "TRO", "JAUNPUR CITY": "JOP", "KARMALI": "KRMI", "TUMKUR": "TK", "LELIGUMMA": "LLGM", "DALKOLHA": "DLK", "TAPRI": "TPZ", "PANIYA HAWA": "PNYA", "RANGIYA JN": "RNY", "DEVLALI": "DVL", "CHOLA": "CHL", "COIMBATORE NRTH": "CBF", "RAMANNAPET": "RMNP", "DAMAN JODI": "DMNJ", "FIROZABAD": "FZD", "MATHABHANGA": "MHBA", "CHALAKUDI": "CKI", "MURDESHWAR": "MRDW", "JHARSUGUDA JN": "JSG", "MUGHAL SARAI JN": "MGS", "JAMALPUR JN": "JMP", "KHIRKIYA": "KKN", "KOTAPAR ROAD": "KPRR", "BARSOI JN": "BOE", "CHUNAR": "CAR", "BILASPUR JN": "BSP", "WALAJAH ROAD JN": "WJR", "HAZRAT NIZAMUDDIN": "NZM", "BHATPAR RANI": "BHTR", "SAONGI": "SGC", "TUNI": "TUNI", "SHAHJEHANPUR": "SPN", "MOKAMEH JN": "MKA", "IRINJALAKUDA": "IJK", "DURGAPUR": "DGR", "MADDUR": "MAD", "MANKAPUR JN": "MUR", "BANGALORE CANT": "BNC", "SALICHAUKA ROAD": "SCKR", "DIPHU": "DPU", "BOMMIDI": "BQI", "KATOL": "KATL", "LUDHIANA JN": "LDH", "ARSIKERE JN": "ASK", "MAHBUBABAD": "MABD", "KODERMA": "KQR", "PALANPUR JN": "PNU", "HUBLI JN": "UBL", "CUTTACK": "CTC", "GULBARGA": "GR", "KOPARGAON": "KPG", "REWARI": "RE", "ICHCHPURAM": "IPM", "BHARATPUR JN": "BTE", "SIRHIND JN": "SIR", "RUDRAPUR CITY": "RUPC", "BARKA KANA": "BRKA", "NSC BOSE J GOMO": "GMO", "KRISHNA CANAL": "KCC", "NAGAUR": "NGO", "RUDAULI": "RDL", "GANJ BASODA": "BAQ", "NAVAPUR": "NWU", "CHITTAPUR": "CT", "NANDURA": "NN", "JUJOMURA": "JUJA", "MUMBAI DADAR": "DDR", "JALGAON JN": "JL", "ERODE JN": "ED", "ANAKAPALLE": "AKP", "QUILANDI": "QLD", "SHAHDOL": "SDL", "PATNA SAHEB": "PNC", "BIDADI": "BID", "AMBALA CITY": "UBC", "SIRPUR KAGAZNGR": "SKZR", "SHAHPUR PATOREE": "SPP", "ALNAVAR JN": "LWR", "JHINJHAK": "JJK", "HAPUR": "HPU", "SAWAI MADHOPUR": "SWM", "MIRZAPUR": "MZP", "KANPUR CENTRAL": "CNB", "HAJIPUR JN": "HJP", "AMROHA": "AMRO", "PHULPUR": "PLP", "TIRUPPUR": "TUP", "GUNA": "GUNA", "NADIAD JN": "ND", "KUMBHRAJ": "KHRJ", "ZAMANIA": "ZNA", "PHAPHUND": "PHD", "KRISHNARAJAPURM": "KJM", "TIRUCHCHIRAPALI": "TPJ", "BOKARO STL CITY": "BKSC", "SEWAPURI": "SWPR", "DUDHANI": "DUD", "MAKRANA JN": "MKN", "VYARA": "VYA", "KRISHNA": "KSN", "SANVERDAM CHUCH": "SVM", "RASRA": "RSR", "NEW MAL JN": "NMZ", "THANA BIHPUR JN": "THB", "DHAMANGAON": "DMN", "SECUNDERABAD JN": "SC", "DELHI CANTT": "DEC", "RAJAMUNDRY": "RJY", "MANDYA": "MYA", "TAREGNA": "TEA", "BIYAVRA RAJGARH": "BRRG", "HAZARIBAGH RD": "HZD", "SILAO": "SILO", "KAILAHAT": "KYT", "CHARAMULA KUSUM": "CJS", "BIHTA": "BTA", "BARBIL": "BBN", "GADARWARA": "GAR", "VIZIANAGRAM JN": "VZM", "PARASNATH": "PNME", "BHULANPUR": "BHLP", "PUNE JN": "PUNE", "BARA JAMDA": "BJMD", "THIVIM": "THVM", "BHATKAL": "BTJL", "KHALLIKOT": "KIT", "FATUHA": "FUT", "KARAIKKUDI JN": "KKDI", "GWALIOR JN": "GWL", "BAPUDM MOTIHARI": "BMKI", "DELHI SARAI ROHILLA": "DEE", "SASTHANKOTTA": "STKT", "PIPRAICH": "PPC", "KUCHAMAN CITY": "KMNC", "ELAMANCHILI": "YLM", "RUPNAGAR": "RPAR", "CHENNAI CENTRAL": "MAS", "DIBRUGARH TOWN": "DBRT", "GHAZIABAD": "GZB", "DURGAPURA": "DPA", "MARWAR JN": "MJ", "CHAUTH KA BRWRA": "CKB", "BANKHEDI": "BKH", "SAGAULI JN": "SGL", "BHABUA ROAD": "BBU", "ALLAHABAD CITY": "ALY", "TENALI JN": "TEL", "TARIKERE JN": "TKE", "ROURKELA": "ROU", "CHAPARMUKH JN": "CPK", "RAFIGANJ": "RFJ", "PERAMBUR": "PER", "CHAKIA": "CAA", "CHAIBASA": "CBSA", "DAHOD": "DHD", "ONGOLE": "OGL", "ALER": "ALER", "GHASARA HALT": "GHSR", "JAUNPUR JN": "JNU", "DAMOH": "DMO", "HINDUPUR": "HUP", "KOLLAM JN": "QLN", "BARH": "BARH", "JORHAT TOWN": "JTTN", "HAPA": "HAPA", "SHORANUR JN": "SRR", "BUXAR": "BXR", "S NARAYAN CHHAPIA": "SNC", "LALGUDI": "LLI", "KAPTANGANJ JN": "CPJ", "TATANAGAR JN": "TATA", "KALPI": "KPI", "MALIPUR": "MLPR", "SULTANPUR": "SLN", "SAI P NILAYAM": "SSPN", "AURANGABAD": "AWB", "CHAUSA": "CSA", "NEKONDA": "NKD", "VISAKHAPATNAM": "VSKP", "MOTH": "MOTH", "LAHERIA SARAI": "LSI", "SEALDAH": "SDAH", "TUMSAR ROAD": "TMR", "AIT": "AIT", "MUMBAI CENTRAL": "BCT", "RAJKOT JN": "RJT", "TAMBARAM": "TBM", "GARLA": "GLA", "MARIANI JN": "MXN", "ALUABARI ROAD": "AUB", "DANGOAPOSI": "DPS", "CHIRAYINKEEZH": "CRY", "KURSELA": "KUE", "VADODARA JN": "BRC", "BOISAR": "BOR", "UDHAMPUR": "UHP", "AHMEDABAD JN": "ADI", "MAHIDPUR ROAD": "MEP", "PANKI": "PNK", "JODHPUR JN": "JU", "MAGHAR": "MHH", "PENDRA ROAD": "PND", "BILPUR": "BLPU", "SAHIBZADA ASNGR": "SASN", "MALKHERI": "MAKR", "MAHES KHUNT": "MSK", "BHONGIR": "BG", "RAJENDRANAGAR T": "RJPB", "BISWAN": "BVN", "MECHEDA": "MCA", "ANGUL": "ANGL", "HARIPAD": "HAD", "RAICHUR": "RC", "BURHANPUR": "BAU", "RUTHIYAI": "RTA", "NEW ALIPURDUAR": "NOQ", "AHMADNAGAR": "ANG", "PULGAON JN": "PLO", "JEHANABAD": "JHD", "KHAGARIA JN": "KGG", "HOJAI": "HJI", "TANDUR": "TDU", "HARINAGAR": "HIR", "KATNI": "KTE", "AYODHYA": "AY", "MURTAJAPUR": "MZR", "UNJHA": "UJA", "NALGONDA": "NLDA", "KUTTIPPURAM": "KTU", "MADURAI JN": "MDU", "LUCKNOW CITY": "LC", "NILESHWAR": "NLE", "PARBHANI JN": "PBN", "ARAKKONAM": "AJJ", "GHANPUR": "GNP", "RAJ GANGPUR": "GP", "TRIPUNITURA": "TRTR", "SHANKARGARH": "SRJ", "FALAKATA": "FLK", "KALKA": "KLK", "LONDA JN": "LD", "CHENGANNUR": "CNGR", "TALVADYA": "TLV", "WHITEFIELD": "WFD", "UJJAIN JN": "UJN", "DELHI SHAHDARA": "DSA", "JAITWAR": "JTW", "MANMAD JN": "MMR", "JAMUI": "JMU", "BARDDHAMAN": "BWN", "CHITTAURGARH": "COR", "MIRAJ JN": "MRJ", "LINGAMPALLI": "LPI", "BARPETA ROAD": "BPRD", "CANCONA": "CNO", "PEDAKAKANI HALT": "PDKN", "BALLIA": "BUI", "WENA": "WENA", "BABINA": "BAB", "KARJAT": "KJT", "RANCHI": "RNC", "SOLAPUR JN": "SUR", "JALNA": "J", "THRISUR": "TCR", "MANCHERAL": "MCI", "CHATRAPUR": "CAP", "WANKANER JN": "WKR", "RAYAGADA": "RGDA", "NAUGACHIA": "NNA", "JALESAR ROAD": "JLS", "MAJHAGAWAN": "MJG", "DIBRUGARH": "DBRG", "SURAT": "ST", "SAWANTWADI ROAD": "SWV", "RAJGARH": "RHG", "THIRUVANANTHAPURAM CENTRAL": "TVC", "KHALILABAD": "KLD", "CHANDIGARH": "CDG", "BARAN": "BAZ", "BHATNI JN": "BTT", "KSR BENGALURU": "SBC", "PAYANGADI": "PAZ", "MANDA ROAD": "MNF", "MAU JN": "MAU", "CHIDAMBARAM": "CDM", "BHOPAL JN": "BPL", "BANGARAPET": "BWT", "RAYBAG": "RBG", "VIJAYPUR": "VJP", "MAMBALAM": "MBM", "YELAHANKA JN": "YNK", "ROSHAN MAU": "RMW", "BALLABGARH": "BVH", "AZAMNAGAR ROAD": "AZR", "BEAWAR": "BER", "DODBALLAPUR": "DBU", "BAIGUDA": "BGUA", "ASALPUR JOBNER": "JOB", "MALKAPUR": "MKU", "KALYAN JN": "KYN", "PURNIA JN": "PRNA", "MADHI": "MID", "CHANPATIA": "CAI", "KHANNA": "KNN", "LALPUR": "LLR", "KUMTA": "KT", "SITAPUR": "STP", "URULI": "URI", "CHARVATTUR": "CHV", "SAUGOR": "SGO", "TARANA ROAD": "TAN", "NARKATIAGANJ JN": "NKE", "BRAJRAJNAGAR": "BRJN", "BOBBILI": "VBL", "BAREILLY": "BE", "TALCHER ROAD": "TLHD", "PARAVUR": "PVU", "JAIPUR": "JP", "NIZAMABAD": "NZB", "TIRUPPADIRIPPULIYUR": "TDPR", "CHILKA": "CLKA", "BELAMPALLI": "BPA", "DAUND JN": "DD", "BHAIROGANJ": "BRU", "NANDURBAR": "NDB", "BAMNIA": "BMI", "DHAURA": "DUA", "BARADWAR": "BUA", "MORAPPUR": "MAP", "SURAIMANPUR": "SIP", "BADAMI": "BDM", "BANAPURA": "BPF", "VARANASI CITY": "BCY", "SAHATWAR": "STW", "NEPANAGAR": "NPNR", "DAUSA": "DO", "BETTIAH": "BTH", "MORENA": "MRA", "NOAMUNDI": "NOMD", "DIMAPUR": "DMV", "SADISOPUR": "SDE", "ALIGARH JN": "ALJN", "BELGAUM": "BGM", "NEW TINSUKIA": "NTSK", "BHADRAVATI": "BDVT", "NAINI": "NYN", "ANAND VIHAR TERMINAL": "ANVT", "BIKANER JN": "BKN", "MADHIRA": "MDR", "GANJAM": "GAM", "LOISINGHA": "LSX", "BARDOLI": "BIY", "BHARTHANA": "BNT", "KATHGODAM": "KGM", "VAPI": "VAPI", "JAKHALAUN": "JLN", "RANIBENNUR": "RNR", "CHITTARANJAN": "CRJ", "GONDA JN": "GD", "POKHRAYAN": "PHN", "BALASORE": "BLS", "ASHOK NAGAR": "ASKN", "ANNAVARAM": "ANV", "SILIGURI JN": "SGUJ", "AMALNER": "AN", "CHANNAPATNA": "CPT", "RATLAM JN": "RTM", "BAMHRAULI": "BMU", "DEOBAND": "DBD", "YADGIR": "YG", "AMGAON": "AGN", "HOSHANGABAD": "HBD", "BHILAI PWR HS": "BPHB", "MADHUPUR JN": "MDP", "PIPRAIGAON": "PIA", "PANIPAT JN": "PNP", "NIDADAVOLU JN": "NDD", "ANANDPUR SAHIB": "ANSB", "BARAUNI JN": "BJU", "BHAGWANPUR": "BNR", "KEUTIGUA": "KTGA", "DABHAURA": "DBR", "NUZVID": "NZD", "PATNA JN": "PNBE", "PANVEL": "PNVL", "GHORADONGRI": "GDYA", "SAKTI": "SKT", "FEROK": "FK", "JALANDHAR CANT": "JRC", "HATHIDAH JN": "HTZ", "DINDIGUL JN": "DG", "BIHIYA": "BEA", "NARSINGHPUR": "NU", "MAJHOWALIA": "MJL", "BONA KALU": "BKL", "KAKRI GUMA": "KKGM", "KURDUVADI": "KWV", "RURA": "RURA", "GODHRA JN": "GDA", "RUPBAS": "RBS", "NEW FARAKKA JN": "NFK", "DAHANU ROAD": "DRD", "MATHURA JN": "MTJ", "BHUSAVAL JN": "BSL", "SITAPUR CANT": "SCC", "PANSKURA": "PKU", "KOLKATA": "KOAA", "ANANTAPUR": "ATP", "AHRAURA ROAD": "ARW", "PIDUGURALLA": "PGRL", "COIMBATORE JN": "CBE", "AKOLA JN": "AK", "MHMDVD KHEDA RD": "MHD", "VIDISHA": "BHS", "SATNA": "STA", "PARVATIPURAM TN": "PVPT", "PANDAVAPURA": "PANP", "PATHANKOT CANTT": "PTKC", "SAMBALPUR": "SBP", "ERNAKULAM JN": "ERS", "LUCKEESARAI JN": "LKR", "BYNDOOR": "BYNR", "IRUGUR": "IGU", "VALSAD": "BL", "GOVINDGARH": "GVG", "DILDARNAGAR JN": "DLN", "NALBARI": "NLV", "KAHALGAON": "CLG", "JALAMB JN": "JM", "SAIDAPUR": "SADP", "ERNAKULAM TOWN": "ERN", "BELAPUR": "BAP", "HINDAUN CITY": "HAN", "TIRUR": "TIR", "RAIPUR JN": "R", "SOHAGPUR": "SGP", "PT DEEN DAYAL UPADHYAYA JN": "DDU", "SISWA BAZAR": "SBZ", "SINDKHEDA": "SNK", "RANI": "RANI", "JUKEHI": "JKE", "SHANKARPALLI": "SKP", "CHERIYANAD": "CYN", "IGATPURI": "IGP", "KHARSIA": "KHS", "MYSORE JN": "MYS", "ANTAH": "ATH", "NANDED": "NED", "LALITPUR": "LAR", "BHARUCH JN": "BH", "KARUNAGAPALLI": "KPY", "BEGAMPET": "BMT", "ARIYALUR": "ALU", "SARAI MIR": "SMZ", "RAVER": "RV", "NAGDA JN": "NAD", "KHURDA ROAD JN": "KUR", "ETAWAH": "ETW", "LAKHMINIA": "LKN", "ANUGRAHA N ROAD": "AUBR", "NOKHA": "NOK", "BEAS": "BEAS", "KAZIPET JN": "KZJ", "MUHAMMADABAD": "MMA", "JARAPADA": "JRPD", "VIKRAMGARH ALOT": "VMA", "JEYPORE": "JYP", "WARDHA JN": "WR", "SASARAM": "SSM", "ACHHNERA JN": "AH", "KARWAR": "KAWR", "MAIHAR": "MYR", "PAHARPUR": "PRP", "BARABANKI JN": "BBK", "NAVSARI": "NVS", "CHACHAURA BNGJ": "CBK", "CHHABRA GUGOR": "CAG", "YASVANTPUR JN": "YPR", "DAVANGERE": "DVG", "THANJAVUR": "TJ", "NAJIBABAD JN": "NBD", "SARANGPUR": "SFW", "BIRUR JN": "RRB", "HARNAUT": "HRT", "SAMASTIPUR JN": "SPJ", "LOKMANYATILAK": "LTT", "JAMTARA": "JMT", "FAIZABAD JN": "FD", "GUDUR JN": "GDR", "AMBALA PUZHA": "AMPA", "ASANSOL JN": "ASN", "GYANPUR ROAD": "GYN", "KUPPAM": "KPN", "SEMAPUR": "SMO", "DURG": "DURG", "RAJ NANDGAON": "RJN", "DALTONGANJ": "DTO", "GOSHAINGANJ": "GGJ", "CHAINWA": "CW", "DEHRADUN": "DDN", "NARAYANPUR": "NNR", "SURENDRANAGAR": "SUNR", "ETTUMANUR": "ETM", "KOTA JN": "KOTA", "KARAD": "KRD", "NAWA CITY": "NAC", "AUNRIHAR JN": "ARJ", "RAVLI": "RUL", "GHAZIPUR CITY": "GCT", "RAIKAKHOL": "RAIR", "DEHRI ON SONE": "DOS", "SHRIRANGAPATNA": "S", "KENGERI": "KGI", "KHUSROPUR": "KOO", "RAJPURA JN": "RPJ", "DELHI": "DLI", "GOAL PARA TOWN": "GLPT", "ALLAHABD CHHEOKI": "ACOI", "KARNAL": "KUN", "PHULERA JN": "FL", "KHAIRTHAL": "KRH", "MUSAFIR KHANA": "MFKA", "RAMPUR HAT": "RPH", "NIM KA THANA": "NMK", "MERTA ROAD JN": "MTD", "KARAGOLA ROAD": "CRR", "MAL JN": "MAL", "BUNDI": "BUDI", "SRIKAKULAM ROAD": "CHE", "SINGARAM": "SGRM", "PURULIA JN": "PRR", "CHENNAI EGMORE": "MS", "JAYNAGAR": "JYG", "ACHALDA": "ULD", "DUMRAON": "DURE", "KAMPTEE": "KP", "KHAJAULI": "KJI", "MEERUT CITY": "MTC", "AJNI": "AJNI", "UNA HIMACHAL": "UHL", "CHENGALPATTU": "CGL", "NANGLOI": "NNO", "SIHORA ROAD": "SHR", "KHARAGPUR JN": "KGP", "DALSINGH SARAI": "DSS", "THANE": "TNA", "PHAGWARA JN": "PGW", "JAGI ROAD": "JID", "JHANSI JN": "JHS", "PACHOR ROAD": "PFR", "MAHMUDABAD AVDH": "MMB", "HARIHAR": "HRR", "KHANDWA": "KNW", "SHRI MAHABIRJI": "SMBJ", "DESHNOK": "DSO", "JASIDIH JN": "JSME", "RAMPUR": "RMU", "DHAULPUR": "DHO", "HASIMARA": "HSA", "MAIRWA": "MW", "BIJAINAGAR": "BJNR", "KANHANGAD": "KZE", "CHAU MAHLA": "CMU", "KIUL JN": "KIUL", "PALASA": "PSA", "HARIDWAR JN": "HW", "SHAMGARH": "SGZ", "LUMDING JN": "LMG", "PHILLAUR JN": "PHR", "SEVAGRAM": "SEGM", "CHIPLUN": "CHI", "RAMGARHWA": "RGH", "SANAT NAGAR": "SNF", "TALBAHAT": "TBT", "NANDGAON": "NGN", "UMARIA": "UMR", "BEGU SARAI": "BGS", "CHERTHALA": "SRTL", "NARSIPATNAM RD": "NRP"}