{"BDJ": "VADAKARA", "CNI": "CHANDIL JN", "MV": "MAYILADUTURAI J", "AKV": "ANKLESHWAR JN", "LKE": "LAKHERI", "AHA": "ABHAIPUR", "CAER": "CHHANERA", "CPR": "CHHAPRA", "MAJN": "MANGALORE JN", "ROZA": "ROZA JN", "DRU": "KADUR", "FKG": "FURKATING JN", "G": "GONDIA JN", "BZU": "BETUL", "NR": "NIPHAD", "KDM": "KESAMUDRAM", "VM": "VILLUPURAM JN", "GOH": "GAROT", "ORAI": "ORAI", "HKG": "HIRAKUD", "PAY": "PAYYANUR", "MNV": "MUNGAOLI", "JAJ": "JHAJHA", "BHC": "BHADRAKH", "NDLS": "NEW DELHI", "CLJ": "COLONELGANJ", "KKDE": "KURUKSHETRA JN", "TDL": "TUNDLA JN", "BNW": "BHIWANI", "DOL": "DHOLI", "VG": "VIRAMGAM JN", "RGD": "RAJGIR", "GTNR": "GOMATI NAGAR", "JRU": "CHIKJAJUR JN", "MML": "MADAN MAHAL", "SL": "SURATHKAL", "PHA": "PATHARIA", "BHW": "BARHARWA JN", "CND": "CHANDUR", "HVR": "HAVERI", "IDH": "IDGAH AGRA JN", "ROK": "ROHTAK JN", "BHL": "BHILWARA", "CSMT": "C SHIVAJI MAHARAJ T", "PVRD": "PIRAVAM ROAD", "PAR": "PANDHURNA", "SKI": "SAKRI JN", "BD": "BADNERA JN", "NBR": "NAMBURU", "DMRT": "DUMURIPUT", "LKU": "LAL KUAN", "NHH": "NIHALGARH", "TKJ": "TILAK BRIDGE", "BMB": "BAMRA", "GKP": "GORAKHPUR", "GTL": "GUNTAKAL JN", "SVDK": "SH MATA V DEVI KATRA", "PDPL": "PEDDAPALLI", "BGTA": "BAGRA TAWA", "BGK": "BAGALKOT", "JNH": "JANGHAI JN", "JLD": "JARWAL ROAD", "MOZ": "MUZAFFARNAGAR", "BST": "BASTI", "CGY": "CHANGANASERI", "KMU": "KUMBAKONAM", "APR": "ANUPPUR JN", "SLI": "SANGLI", "GHY": "GUWAHATI", "IDG": "INDARGARH", "PVP": "PARVATIPURAM", "FTS": "FATEHPUR SIKRI", "ROHA": "ROHA", "PDW": "PANDAUL", "GAUR": "GAUR", "WL": "WARANGAL", "ANND": "ANAND JN", "KYE": "KHURAI", "MUT": "MEERUT CANT", "JBN": "JOGBANI", "ABR": "ABU ROAD", "DKNT": "DAKANIYA TALAV", "DDE": "DONDAICHA", "PKD": "PENUKONDA", "BNU": "BANDAKPUR", "TBN": "TIMARNI", "LS": "LASALGAON", "BYT": "BHATAPARA", "BEHS": "BIHAR SHARIF", "CKP": "CHAKRADHARPUR", "DOA": "DORAHA", "TRS": "TARSARAI", "FDB": "FARIDABAD", "CLR": "CASTLE ROCK", "RJA": "RAJANAGAR", "GAYA": "GAYA JN", "HD": "HARDA", "HWH": "HOWRAH JN", "RK": "ROORKEE", "BV": "BABHNAN", "SRC": "SANTRAGACHI JN", "CPH": "CHAMPA", "SZM": "SUBZI MANDI", "MYY": "MAYYANAD", "DXG": "DHARANGAON", "PWS": "PHULWARI SHARIF", "MKX": "MORAK", "UMB": "AMBALA CANT JN", "SHU": "SHOLINGHUR", "AKT": "AKALTARA", "VKB": "VIKARABAD JN", "MBI": "MADHUBANI", "GJL": "GAJRAULA JN", "KKHT": "KAKARGHATTI", "CH": "CHANDAUSI JN", "JER": "JALESWAR", "CLT": "KOZHIKKODE", "PSR": "PASRAHA", "NK": "NASIK ROAD", "ARA": "ARA", "BKP": "BAKHTIYARPUR JN", "MAN": "MANINAGAR", "HLKT": "HALAKATTA", "NLDM": "NANGAL DAM", "CGN": "CHIRGAON", "FTP": "FATEHPUR", "BUW": "BURHWAL", "MJA": "MEJA ROAD", "MLGH": "MANDAL GARH", "KTYM": "KOTTAYAM", "AF": "AGRA FORT", "KSG": "KISHANGARH", "BKI": "BANDIKUI JN", "NLD": "NALANDA", "LKO": "LUCKNOW", "BRD": "BHANDARA ROAD", "VAK": "VARKALA", "DYD": "DARYABAD", "GUR": "GANAGAPUR ROAD", "RPZ": "RANAPRATAPNAGAR", "SORO": "SORO", "BXN": "BAYANA JN", "APDJ": "ALIPUR DUAR JN", "MRGA": "MIRYALAGUDA", "LKA": "LANKA", "SLW": "SOHWAL", "MAO": "MADGAON", "GH": "GHUGHULI", "JPE": "JALPAIGURI ROAD", "LNL": "LONAVALA", "MLY": "MAULA ALI", "DGG": "DONGARGARH", "MAG": "MANGALAGIRI", "SKJ": "SAHIBPUR KML JN", "VRI": "VRIDHACHALAM JN", "PRYJ": null, "YFP": "YUSUFPUR", "GHD": "GARWA ROAD", "NW": "NALWAR", "BDL": "VINDHYACHAL", "SINI": "SINI JN", "MCS": "MANCHESWAR", "TKRI": "TIKIRI", "KZA": "KHADA", "BZA": "VIJAYAWADA JN", "SFY": "SHAJAPUR", "MLDT": "MALDA TOWN", "KIN": "KAPASAN", "RIG": "RAIGARH", "BJP": "BIJAPUR", "BGZ": "BAHADURGARH", "SWA": "SAHJANWA", "BVI": "BORIVALI", "KMC": "KAMAREDDI", "PTRD": "PATAUDI ROAD", "MKP": "MANIKPUR JN", "BUG": "BAGAHA", "SKB": "SHIKOHABAD JN", "YP": "ERRUPALEM", "DVD": "DUVVADA", "SKPI": "SIKRIPAI", "SPRD": "SINGAPURAM ROAD", "BSDP": "BHUSANDPUR", "ALLP": "ALAPPUZHA", "SLO": "SAMALKOT JN", "JAM": "JAMNAGAR", "BNV": "BINNAGURI", "BIJR": "BIJOOR", "SDN": "SHOLAVANDAN", "BNLW": "BANSTHALI NIWAI", "DKJ": "DORNAKAL JN", "BINA": "BINA JN", "MUV": "MANDUADIH", "DHE": "DODHI", "AWY": "ALUVA", "NQR": "NARAJ MARTHAPUR", "HBJ": "HABIBGANJ", "KRR": "KARUR", "DR": "DADAR", "CNA": "CHANDERIYA", "JUC": "JALANDHAR CITY", "RXL": "RAXAUL JN", "STR": "SATARA", "AKOR": "AKALKOT ROAD", "KRT": "KHURAHAT", "WKI": "WADAKANCHERI", "DNKL": "DHENKANAL", "QLM": "KULEM", "PAU": "PURNA JN", "CPP": "CHIPURUPALLE", "KAPG": "KALUPARA GHAT", "BDTS": "BANDRA TERMINUS", "BPH": "BELPAHAR", "NBQ": "NEW BONGAIGAON", "NWP": "NAUPADA JN", "NAW": "NAWANDGI", "AWR": "ALWAR JN", "SVA": "SUWASRA", "ABP": "AKBARPUR", "KRE": "KARTARPUR", "LKMR": "LAKSHMIPUR ROAD", "BAM": "BRAHMAPUR", "PKW": "PILKHUA", "BBS": "BHUBANESWAR", "ZBD": "ZAFARABAD JN", "KCVL": "KOCHUVELI", "PML": "PAPANASAM", "MLMR": "MELMARUVATTUR", "BPU": "BHAUPUR", "LAV": "LABHA", "SBG": "SAHIBGANJ JN", "TSF": "TAHSIL FATEHPUR", "KYJ": "KAYANKULAM", "GY": "GOOTY", "RDM": "RAMGUNDAM", "JTJ": "JOLARPETTAI", "MAI": "MEHSI", "KIR": "KATIHAR JN", "SRID": "SRIDHAM", "KUDA": "KUNDAPURA", "GPB": "GHATPRABHA", "LUNI": "LUNI JN", "SMET": "SHIMOGA TOWN", "LJN": "LUCKNOWJN", "KYQ": "KAMAKHYA", "SDB": "SHAHABAD", "SSDT": "SHAMSHABAD TOWN", "ARR": "ARARIYA", "TPTY": "TIRUPATI", "KI": "KONDAPALLI", "SV": "SIWAN JN", "PRF": "PARSIPUR", "APT": "ANAPARTI", "SBB": "SAHIBABAD", "CD": "CHANDRAPUR", "JHW": "JHALAWAR ROAD", "BPQ": "BALHARSHAH", "UDZ": "UDAIPUR", "NLR": "NELLORE", "KRND": "KHORASON ROAD", "ASR": "AMRITSAR JN", "KRJ": "KHURJA JN", "UD": "UDUPI", "BZM": "BHIMSEN", "SAP": "SATTENAPALLE", "NGP": "NAGPUR", "NDKD": "NADIKODE", "NKP": "NIRAKARPUR", "ALD": "ALLAHABAD JN", "PURI": "PURI", "HRS": "HATHRAS JN", "DBG": "DARBHANGA JN", "PC": "PACHORA JN", "KPD": "KATPADI JN", "SPT": "SOMPETA", "RU": "RENIGUNTA JN", "ET": "ITARSI JN", "CRP": "CHANDRAPURA", "MAY": "MARIAHU", "HX": "CUDDAPAH", "GBD": "GAURIBIDANUR", "DQG": "DHUPGURI", "MSH": "MAHESANA JN", "SLGR": "SIMALUGURI JN", "VSG": "VASCO DA GAMA", "NJP": "NEW JALPAIGURI", "GNT": "GUNTUR JN", "DRL": "DEROL", "MURI": "MURI", "DBA": "DABRA", "AMH": "AZAMGARH", "UDN": "UDHNA JN", "AD": "ADONI", "GGC": "GANGAPUR CITY", "PPTA": "PATLIPUTRA", "KUDL": "KUDAL", "MTR": "MOTIPUR", "ARQ": "ARARIYA COURT", "BRPL": "BARPALI", "MDDP": "MANDI DIP", "SHG": "SHAHGANJ JN", "KKW": "KANKAVLI", "MGN": "MEGHNAGAR", "HSR": "HISAR", "HYT": "HAIAGHAT", "SSB": "SHAKURBASTI", "BALU": "BALUGAN", "MB": "MORADABAD", "KPQ": "KANNAPURAM", "BWM": "BHAWANI MANDI", "ADH": "ANDHERI", "ANKL": "ANKOLA", "SRE": "SAHARANPUR", "JBP": "JABALPUR", "SPC": "SITAPUR CITY", "MNE": "MANSI JN", "SGG": "SULTANGANJ", "FA": "FALNA", "JDB": "JAGDALPUR", "KMZ": "KATNI MURWARA", "KART": "KIRATPUR SAHIB", "SEE": "SONPUR JN", "KMT": "KHAMMAM", "BLMK": "BHALUMASKA", "KTHU": "KATHUA", "POE": "PAWAPURI ROAD", "DMM": "DHARMAVARAM JN", "PTB": "PATTAMBI", "JJKR": "JAJPUR K ROAD", "DNA": "DEGANA JN", "KEI": "KASHI", "SEM": "SERAM", "BONA": "BOINDA", "PJY": "PARA JANI HALT", "SBPD": "SAMBALPUR ROAD", "MKC": "MAKSI", "DLO": "DALGAON", "RMA": "RAMGANJ MANDI", "TLY": "THALASSERY", "RYP": "RAYANAPAD", "TRVL": "TIRUVALLA", "KUH": "KHACHROD", "TLD": "TILDA", "NSD": "NASIRABAD", "BRYC": "BAREILLY CANTT", "MSW": "MASKANWA", "SBI": "SABARMATI JN", "TVP": "TRIVANDRUM PETT", "KLB": "KIRAOLI", "RGS": "RINGAS JN", "SEG": "SHEGAON", "NIA": "JANJGIR NAILA", "SRGM": "SRIRANGAM", "FBG": "FORBESGANJ", "DWR": "DHARWAR", "SA": "SALEM JN", "MFP": "MUZAFFARPUR JN", "MQR": "MALKHAID ROAD", "PDKT": "PUDUKKOTTAI", "TDD": "TADEPALLIGUDEM", "KUU": "KUHURI", "SNP": "SONIPAT", "KNE": "KISHANGANJ", "BGP": "BHAGALPUR", "GGN": "GURGAON", "YJUD": "YAMUNANAGAR JAGADHRI", "KY": "KARELI", "ZN": "JANGAON", "PPI": "PIPARIYA", "GKC": "GORAKHPUR CANT", "KSRA": "KASARA", "AGC": "AGRA CANTT", "NCB": "NEW COOCH BEHAR", "GMS": "GARHMUKTESAR", "KGQ": "KASARAGOD", "DNR": "DANAPUR", "JWB": "JAWAI BANDH", "HYB": "HYDERABAD DECAN", "BNCE": "BANGALORE EAST", "SAA": "SATHIAON", "MRDL": "MERAMANDOLIL", "KRPU": "KORAPUT", "DHN": "DHANBAD JN", "BSB": "VARANASI JN", "GDG": "GADAG JN", "CAN": "KANNUR", "PGI": "PARPANANGADI", "RN": "RATNAGIRI", "AFK": "ANGAMALI", "BHP": "BOLPUR S NIKTN", "DINR": "DIVINE NAGAR HALT F", "GTS": "GHATSILA", "JAT": "JAMMU TAWI", "IAA": "INDARA JN", "EE": "ELURU", "BSR": "VASAI ROAD", "KVU": "KADAKAVUR", "PMY": "PALI MARWAR", "BLGR": "BALANGIR", "BAMR": "BAMUR", "GMR": "GAHMAR", "MVLK": "MAVELIKARA", "BXJ": "BOKAJAN", "MALM": "MANTHRALAYAM RD", "KQT": "KURGUNTA", "KOJ": "KOKRAJHAR", "BOY": "BHADOHI", "GOC": "PONMLAI GLD RCK", "BRGA": "BARGARH ROAD", "MVJ": "MAVLI JN", "DEOS": "DEORIA SADAR", "WADI": "WADI", "BNZ": "BADSHAHNAGAR", "HRI": "HARDOI", "AB": "AMBUR", "NNL": "NARNAUL", "AII": "AJMER", "CSN": "CHALISGAON JN", "PAP": "PITHAPURAM", "DGA": "DIGHWARA", "ON": "UNNAO JN", "TRO": "TIRORA", "JOP": "JAUNPUR CITY", "RMG": null, "KRMI": "KARMALI", "TK": "TUMKUR", "LLGM": "LELIGUMMA", "DLK": "DALKOLHA", "TPZ": "TAPRI", "PNYA": "PANIYA HAWA", "RNY": "RANGIYA JN", "DVL": "DEVLALI", "CHL": "CHOLA", "CBF": "COIMBATORE NRTH", "RMNP": "RAMANNAPET", "DMNJ": "DAMAN JODI", "FZD": "FIROZABAD", "MHBA": "MATHABHANGA", "CKI": "CHALAKUDI", "MRDW": "MURDESHWAR", "JSG": "JHARSUGUDA JN", "MGS": "MUGHAL SARAI JN", "JMP": "JAMALPUR JN", "KKN": "KHIRKIYA", "KPRR": "KOTAPAR ROAD", "BOE": "BARSOI JN", "CAR": "CHUNAR", "BSP": "BILASPUR JN", "WJR": "WALAJAH ROAD JN", "NZM": "HAZRAT NIZAMUDDIN", "BHTR": "BHATPAR RANI", "SGC": "SAONGI", "TUNI": "TUNI", "SPN": "SHAHJEHANPUR", "MKA": "MOKAMEH JN", "IJK": "IRINJALAKUDA", "DGR": "DURGAPUR", "MAD": "MADDUR", "MUR": "MANKAPUR JN", "BNC": "BANGALORE CANT", "SCKR": "SALICHAUKA ROAD", "DPU": "DIPHU", "BQI": "BOMMIDI", "KATL": "KATOL", "LDH": "LUDHIANA JN", "ASK": "ARSIKERE JN", "MABD": "MAHBUBABAD", "KQR": "KODERMA", "PNU": "PALANPUR JN", "UBL": "HUBLI JN", "CTC": "CUTTACK", "GR": "GULBARGA", "KPG": "KOPARGAON", "RE": "REWARI", "IPM": "ICHCHPURAM", "BTE": "BHARATPUR JN", "SIR": "SIRHIND JN", "RUPC": "RUDRAPUR CITY", "BRKA": "BARKA KANA", "GMO": "NSC BOSE J GOMO", "KCC": "KRISHNA CANAL", "NGO": "NAGAUR", "RDL": "RUDAULI", "BAQ": "GANJ BASODA", "NWU": "NAVAPUR", "CT": "CHITTAPUR", "NN": "NANDURA", "JUJA": "JUJOMURA", "DDR": "MUMBAI DADAR", "JL": "JALGAON JN", "ED": "ERODE JN", "AKP": "ANAKAPALLE", "QLD": "QUILANDI", "SDL": "SHAHDOL", "PNC": "PATNA SAHEB", "BID": "BIDADI", "UBC": "AMBALA CITY", "SKZR": "SIRPUR KAGAZNGR", "SPP": "SHAHPUR PATOREE", "LWR": "ALNAVAR JN", "JJK": "JHINJHAK", "HPU": "HAPUR", "SWM": "SAWAI MADHOPUR", "MZP": "MIRZAPUR", "CNB": "KANPUR CENTRAL", "HJP": "HAJIPUR JN", "AMRO": "AMROHA", "PLP": "PHULPUR", "TUP": "TIRUPPUR", "GUNA": "GUNA", "ND": "NADIAD JN", "KHRJ": "KUMBHRAJ", "ZNA": "ZAMANIA", "PHD": "PHAPHUND", "KJM": "KRISHNARAJAPURM", "TPJ": "TIRUCHCHIRAPALI", "BKSC": "BOKARO STL CITY", "SWPR": "SEWAPURI", "DUD": "DUDHANI", "MKN": "MAKRANA JN", "VYA": "VYARA", "KSN": "KRISHNA", "SVM": "SANVERDAM CHUCH", "RSR": "RASRA", "NMZ": "NEW MAL JN", "THB": "THANA BIHPUR JN", "DMN": "DHAMANGAON", "SC": "SECUNDERABAD JN", "DEC": "DELHI CANTT", "RJY": "RAJAMUNDRY", "MYA": "MANDYA", "TEA": "TAREGNA", "BRRG": "BIYAVRA RAJGARH", "HZD": "HAZARIBAGH RD", "SILO": "SILAO", "KYT": "KAILAHAT", "CJS": "CHARAMULA KUSUM", "BTA": "BIHTA", "BBN": "BARBIL", "GAR": "GADARWARA", "VZM": "VIZIANAGRAM JN", "PNME": "PARASNATH", "BHLP": "BHULANPUR", "PUNE": "PUNE JN", "BJMD": "BARA JAMDA", "THVM": "THIVIM", "BTJL": "BHATKAL", "KIT": "KHALLIKOT", "FUT": "FATUHA", "KKDI": "KARAIKKUDI JN", "GWL": "GWALIOR JN", "BMKI": "BAPUDM MOTIHARI", "DEE": "DELHI SARAI ROHILLA", "STKT": "SASTHANKOTTA", "PPC": "PIPRAICH", "KMNC": "KUCHAMAN CITY", "YLM": "ELAMANCHILI", "RPAR": "RUPNAGAR", "MAS": "CHENNAI CENTRAL", "DBRT": "DIBRUGARH TOWN", "GZB": "GHAZIABAD", "DPA": "DURGAPURA", "MJ": "MARWAR JN", "CKB": "CHAUTH KA BRWRA", "BKH": "BANKHEDI", "SGL": "SAGAULI JN", "BBU": "BHABUA ROAD", "ALY": "ALLAHABAD CITY", "TEL": "TENALI JN", "TKE": "TARIKERE JN", "ROU": "ROURKELA", "CPK": "CHAPARMUKH JN", "RFJ": "RAFIGANJ", "PER": "PERAMBUR", "CAA": "CHAKIA", "CBSA": "CHAIBASA", "DHD": "DAHOD", "OGL": "ONGOLE", "ALER": "ALER", "GHSR": "GHASARA HALT", "JNU": "JAUNPUR JN", "DMO": "DAMOH", "HUP": "HINDUPUR", "QLN": "KOLLAM JN", "BARH": "BARH", "JTTN": "JORHAT TOWN", "HAPA": "HAPA", "SRR": "SHORANUR JN", "BXR": "BUXAR", "SNC": "S NARAYAN CHHAPIA", "LLI": "LALGUDI", "CPJ": "KAPTANGANJ JN", "TATA": "TATANAGAR JN", "KPI": "KALPI", "MLPR": "MALIPUR", "SLN": "SULTANPUR", "SSPN": "SAI P NILAYAM", "AWB": "AURANGABAD", "CSA": "CHAUSA", "NKD": "NEKONDA", "VSKP": "VISAKHAPATNAM", "MOTH": "MOTH", "LSI": "LAHERIA SARAI", "SDAH": "SEALDAH", "TMR": "TUMSAR ROAD", "AIT": "AIT", "BCT": "MUMBAI CENTRAL", "RJT": "RAJKOT JN", "TBM": "TAMBARAM", "GLA": "GARLA", "MXN": "MARIANI JN", "AUB": "ALUABARI ROAD", "DPS": "DANGOAPOSI", "CRY": "CHIRAYINKEEZH", "KUE": "KURSELA", "BRC": "VADODARA JN", "BOR": "BOISAR", "UHP": "UDHAMPUR", "ADI": "AHMEDABAD JN", "MEP": "MAHIDPUR ROAD", "PNK": "PANKI", "JU": "JODHPUR JN", "MHH": "MAGHAR", "PND": "PENDRA ROAD", "BLPU": "BILPUR", "SASN": "SAHIBZADA ASNGR", "MAKR": "MALKHERI", "MSK": "MAHES KHUNT", "BG": "BHONGIR", "RJPB": "RAJENDRANAGAR T", "BVN": "BISWAN", "MCA": "MECHEDA", "ANGL": "ANGUL", "HAD": "HARIPAD", "RC": "RAICHUR", "BAU": "BURHANPUR", "RTA": "RUTHIYAI", "NOQ": "NEW ALIPURDUAR", "ANG": "AHMADNAGAR", "PLO": "PULGAON JN", "JHD": "JEHANABAD", "KGG": "KHAGARIA JN", "HJI": "HOJAI", "TDU": "TANDUR", "HIR": "HARINAGAR", "KTE": "KATNI", "AY": "AYODHYA", "MZR": "MURTAJAPUR", "UJA": "UNJHA", "NLDA": "NALGONDA", "KTU": "KUTTIPPURAM", "MDU": "MADURAI JN", "LC": "LUCKNOW CITY", "NLE": "NILESHWAR", "PBN": "PARBHANI JN", "AJJ": "ARAKKONAM", "GNP": "GHANPUR", "GP": "RAJ GANGPUR", "TRTR": "TRIPUNITURA", "SRJ": "SHANKARGARH", "FLK": "FALAKATA", "KLK": "KALKA", "LD": "LONDA JN", "CNGR": "CHENGANNUR", "TLV": "TALVADYA", "WFD": "WHITEFIELD", "UJN": "UJJAIN JN", "DSA": "DELHI SHAHDARA", "JTW": "JAITWAR", "MMR": "MANMAD JN", "JMU": "JAMUI", "BWN": "BARDDHAMAN", "COR": "CHITTAURGARH", "MRJ": "MIRAJ JN", "LPI": "LINGAMPALLI", "BPRD": "BARPETA ROAD", "CNO": "CANCONA", "PDKN": "PEDAKAKANI HALT", "BUI": "BALLIA", "WENA": "WENA", "BAB": "BABINA", "KJT": "KARJAT", "RNC": "RANCHI", "SUR": "SOLAPUR JN", "J": "JALNA", "TCR": "THRISUR", "MCI": "MANCHERAL", "CAP": "CHATRAPUR", "WKR": "WANKANER JN", "RGDA": "RAYAGADA", "NNA": "NAUGACHIA", "JLS": "JALESAR ROAD", "MJG": "MAJHAGAWAN", "DBRG": "DIBRUGARH", "ST": "SURAT", "SWV": "SAWANTWADI ROAD", "RHG": "RAJGARH", "TVC": "THIRUVANANTHAPURAM CENTRAL", "KLD": "KHALILABAD", "CDG": "CHANDIGARH", "BAZ": "BARAN", "BTT": "BHATNI JN", "SBC": "KSR BENGALURU", "PAZ": "PAYANGADI", "MNF": "MANDA ROAD", "MAU": "MAU JN", "CDM": "CHIDAMBARAM", "BPL": "BHOPAL JN", "BWT": "BANGARAPET", "RBG": "RAYBAG", "VJP": "VIJAYPUR", "MBM": "MAMBALAM", "YNK": "YELAHANKA JN", "RMW": "ROSHAN MAU", "BVH": "BALLABGARH", "AZR": "AZAMNAGAR ROAD", "BER": "BEAWAR", "DBU": "DODBALLAPUR", "BGUA": "BAIGUDA", "JOB": "ASALPUR JOBNER", "MKU": "MALKAPUR", "KYN": "KALYAN JN", "PRNA": "PURNIA JN", "MID": "MADHI", "CAI": "CHANPATIA", "KNN": "KHANNA", "CNP": null, "LLR": "LALPUR", "KT": "KUMTA", "STP": "SITAPUR", "URI": "URULI", "CHV": "CHARVATTUR", "SGO": "SAUGOR", "TAN": "TARANA ROAD", "NKE": "NARKATIAGANJ JN", "BRJN": "BRAJRAJNAGAR", "VBL": "BOBBILI", "BE": "BAREILLY", "TLHD": "TALCHER ROAD", "PVU": "PARAVUR", "JP": "JAIPUR", "NZB": "NIZAMABAD", "TDPR": "TIRUPPADIRIPPULIYUR", "CLKA": "CHILKA", "BPA": "BELAMPALLI", "DD": "DAUND JN", "BRU": "BHAIROGANJ", "NDB": "NANDURBAR", "BMI": "BAMNIA", "DUA": "DHAURA", "BUA": "BARADWAR", "MAP": "MORAPPUR", "SIP": "SURAIMANPUR", "BDM": "BADAMI", "BPF": "BANAPURA", "BCY": "VARANASI CITY", "STW": "SAHATWAR", "NPNR": "NEPANAGAR", "DO": "DAUSA", "BTH": "BETTIAH", "MRA": "MORENA", "NOMD": "NOAMUNDI", "DMV": "DIMAPUR", "SDE": "SADISOPUR", "ALJN": "ALIGARH JN", "BGM": "BELGAUM", "NTSK": "NEW TINSUKIA", "BDVT": "BHADRAVATI", "NYN": "NAINI", "ANVT": "ANAND VIHAR TERMINAL", "BKN": "BIKANER JN", "MDR": "MADHIRA", "GAM": "GANJAM", "LSX": "LOISINGHA", "BIY": "BARDOLI", "BNT": "BHARTHANA", "KGM": "KATHGODAM", "VAPI": "VAPI", "JLN": "JAKHALAUN", "RNR": "RANIBENNUR", "CRJ": "CHITTARANJAN", "GD": "GONDA JN", "PHN": "POKHRAYAN", "BLS": "BALASORE", "ASKN": "ASHOK NAGAR", "ANV": "ANNAVARAM", "SGUJ": "SILIGURI JN", "AN": "AMALNER", "CPT": "CHANNAPATNA", "RTM": "RATLAM JN", "BMU": "BAMHRAULI", "DBD": "DEOBAND", "YG": "YADGIR", "AGN": "AMGAON", "HBD": "HOSHANGABAD", "BPHB": "BHILAI PWR HS", "MDP": "MADHUPUR JN", "PIA": "PIPRAIGAON", "PNP": "PANIPAT JN", "NDD": "NIDADAVOLU JN", "ANSB": "ANANDPUR SAHIB", "BJU": "BARAUNI JN", "BNR": "BHAGWANPUR", "KTGA": "KEUTIGUA", "DBR": "DABHAURA", "NZD": "NUZVID", "PNBE": "PATNA JN", "PNVL": "PANVEL", "GDYA": "GHORADONGRI", "SKT": "SAKTI", "FK": "FEROK", "JRC": "JALANDHAR CANT", "HTZ": "HATHIDAH JN", "DG": "DINDIGUL JN", "BEA": "BIHIYA", "NU": "NARSINGHPUR", "MJL": "MAJHOWALIA", "BKL": "BONA KALU", "KKGM": "KAKRI GUMA", "KWV": "KURDUVADI", "RURA": "RURA", "GDA": "GODHRA JN", "RBS": "RUPBAS", "NFK": "NEW FARAKKA JN", "DRD": "DAHANU ROAD", "MTJ": "MATHURA JN", "BSL": "BHUSAVAL JN", "SCC": "SITAPUR CANT", "PKU": "PANSKURA", "KOAA": "KOLKATA", "ATP": "ANANTAPUR", "ARW": "AHRAURA ROAD", "PGRL": "PIDUGURALLA", "CBE": "COIMBATORE JN", "AK": "AKOLA JN", "MHD": "MHMDVD KHEDA RD", "BHS": "VIDISHA", "STA": "SATNA", "PVPT": "PARVATIPURAM TN", "PANP": "PANDAVAPURA", "PTKC": "PATHANKOT CANTT", "SBP": "SAMBALPUR", "ERS": "ERNAKULAM JN", "LKR": "LUCKEESARAI JN", "BYNR": "BYNDOOR", "IGU": "IRUGUR", "BL": "VALSAD", "GVG": "GOVINDGARH", "DLN": "DILDARNAGAR JN", "NLV": "NALBARI", "CLG": "KAHALGAON", "JM": "JALAMB JN", "SADP": "SAIDAPUR", "ERN": "ERNAKULAM TOWN", "BAP": "BELAPUR", "HAN": "HINDAUN CITY", "TIR": "TIRUR", "R": "RAIPUR JN", "SGP": "SOHAGPUR", "DDU": "PT DEEN DAYAL UPADHYAYA JN", "SBZ": "SISWA BAZAR", "SNK": "SINDKHEDA", "RANI": "RANI", "JKE": "JUKEHI", "SKP": "SHANKARPALLI", "CYN": "CHERIYANAD", "IGP": "IGATPURI", "KHS": "KHARSIA", "MYS": "MYSORE JN", "ATH": "ANTAH", "NED": "NANDED", "LAR": "LALITPUR", "BH": "BHARUCH JN", "KPY": "KARUNAGAPALLI", "BMT": "BEGAMPET", "ALU": "ARIYALUR", "SMZ": "SARAI MIR", "RV": "RAVER", "NAD": "NAGDA JN", "KUR": "KHURDA ROAD JN", "ETW": "ETAWAH", "LKN": "LAKHMINIA", "AUBR": "ANUGRAHA N ROAD", "NOK": "NOKHA", "BEAS": "BEAS", "KZJ": "KAZIPET JN", "MMA": "MUHAMMADABAD", "JRPD": "JARAPADA", "VMA": "VIKRAMGARH ALOT", "JYP": "JEYPORE", "WR": "WARDHA JN", "SSM": "SASARAM", "AH": "ACHHNERA JN", "KAWR": "KARWAR", "MYR": "MAIHAR", "PRP": "PAHARPUR", "BBK": "BARABANKI JN", "NVS": "NAVSARI", "CBK": "CHACHAURA BNGJ", "CAG": "CHHABRA GUGOR", "YPR": "YASVANTPUR JN", "DVG": "DAVANGERE", "TJ": "THANJAVUR", "NBD": "NAJIBABAD JN", "SFW": "SARANGPUR", "RRB": "BIRUR JN", "HRT": "HARNAUT", "SPJ": "SAMASTIPUR JN", "LTT": "LOKMANYATILAK", "JMT": "JAMTARA", "FD": "FAIZABAD JN", "GDR": "GUDUR JN", "AMPA": "AMBALA PUZHA", "ASN": "ASANSOL JN", "GYN": "GYANPUR ROAD", "KPN": "KUPPAM", "SMO": "SEMAPUR", "DURG": "DURG", "RJN": "RAJ NANDGAON", "DTO": "DALTONGANJ", "GGJ": "GOSHAINGANJ", "CW": "CHAINWA", "DDN": "DEHRADUN", "NNR": "NARAYANPUR", "SUNR": "SURENDRANAGAR", "ETM": "ETTUMANUR", "KOTA": "KOTA JN", "KRD": "KARAD", "NAC": "NAWA CITY", "ARJ": "AUNRIHAR JN", "RUL": "RAVLI", "GCT": "GHAZIPUR CITY", "RAIR": "RAIKAKHOL", "DOS": "DEHRI ON SONE", "S": "SHRIRANGAPATNA", "KGI": "KENGERI", "KOO": "KHUSROPUR", "DOG": null, "RPJ": "RAJPURA JN", "DLI": "DELHI", "GLPT": "GOAL PARA TOWN", "ACOI": "ALLAHABD CHHEOKI", "KUN": "KARNAL", "FL": "PHULERA JN", "KRH": "KHAIRTHAL", "MFKA": "MUSAFIR KHANA", "RPH": "RAMPUR HAT", "NMK": "NIM KA THANA", "MTD": "MERTA ROAD JN", "CRR": "KARAGOLA ROAD", "MAL": "MAL JN", "BUDI": "BUNDI", "CHE": "SRIKAKULAM ROAD", "SGRM": "SINGARAM", "PRR": "PURULIA JN", "MS": "CHENNAI EGMORE", "JYG": "JAYNAGAR", "ULD": "ACHALDA", "DURE": "DUMRAON", "KP": "KAMPTEE", "KJI": "KHAJAULI", "MTC": "MEERUT CITY", "AJNI": "AJNI", "UHL": "UNA HIMACHAL", "CGL": "CHENGALPATTU", "NNO": "NANGLOI", "SHR": "SIHORA ROAD", "KGP": "KHARAGPUR JN", "DSS": "DALSINGH SARAI", "TNA": "THANE", "PGW": "PHAGWARA JN", "JID": "JAGI ROAD", "JHS": "JHANSI JN", "PFR": "PACHOR ROAD", "MMB": "MAHMUDABAD AVDH", "HRR": "HARIHAR", "KNW": "KHANDWA", "SMBJ": "SHRI MAHABIRJI", "DSO": "DESHNOK", "JSME": "JASIDIH JN", "RMU": "RAMPUR", "DHO": "DHAULPUR", "HSA": "HASIMARA", "MW": "MAIRWA", "BJNR": "BIJAINAGAR", "KZE": "KANHANGAD", "CMU": "CHAU MAHLA", "KIUL": "KIUL JN", "PSA": "PALASA", "HW": "HARIDWAR JN", "PCOI": null, "SGZ": "SHAMGARH", "LMG": "LUMDING JN", "PHR": "PHILLAUR JN", "SEGM": "SEVAGRAM", "CHI": "CHIPLUN", "RGH": "RAMGARHWA", "SNF": "SANAT NAGAR", "TBT": "TALBAHAT", "NGN": "NANDGAON", "UMR": "UMARIA", "BGS": "BEGU SARAI", "SRTL": "CHERTHALA", "NRP": "NARSIPATNAM RD"}